company,job_title,location,company_rating,job_age,job_link,scraping_date
Guess Italia S.r.l,Addetto Alle Vendite,Italia,,4 g,https://www.glassdoor.it/partner/jobListing.htm?pos=101&ao=1110586&s=58&guid=00000186982c29de987ec474fc01fc42&src=GD_JOB_AD&t=SR&vt=w&ea=1&cs=1_3f069017&cb=1677590277004&jobListingId=1008489219957&cpc=7B914D47B0B0E7B2&jrtk=3-0-1gqc2oagbmbhu801-1gqc2oah0j47i800-e043527c3bd8e823--6NYlbfkN0CA67G_SAGmLKr1-1zGryutA_KuKy7K8eYaAWAKkAexSLJ-g7tP2z3xY-Pu5UHMF1qMw55Avltwl16sMkSCFv_vJsDlPdQawX3Q8Urk0A5Fn0Goe5HSk4X0ysuoN78ZLEGPzZ8Jv8Yc2wdjBZ12AdCgaqUCi15BR61eqsq0s1nzpG6O9CxIm86d4Kt0Co4NRgWQeJGVe3Gb2PVhW9TnIy3SpjHpauxnQVe-YmCnKrdFazMU73R-88e_XD-Y1MJyzs-SFchGEAxRb1M7oNPPlkjFV4PVbmT25waLNAVBKIkddJD-RneC7ackrOmsUyYpWGqbgg-PErQdt5f7QIZP4akAAX2awfd5JpFXI3XQxD8GamxS4H-umnw5b8z-Mhlemj5zORqZFfeCdbVXyvvF5WzoEFaUMtsXoi2YfhocRRrovReujLbOxeL7CSJHh0sinNS1xW_kmPrDN7halVjdSunuid8eEk-upB0Adhwxn6vYQ4LLmS6An6uYC_kN5fycULke7oQXgQ8sFG5tnUax7diWiBWUIqfj3vc_93jYBmITm2izKu1sLQ9YAywHYjj1OcR6Iht4L4kH7mvKPYdFalES,2023-02-28
R&S formazione srl,Professore,Italia,"<span class=""css-2lqh28 e1cjmv6j1"">5<i class=""css-0 e1cjmv6j0""></i></span>",7 g,https://www.glassdoor.it/partner/jobListing.htm?pos=102&ao=1110586&s=58&guid=00000186982c29de987ec474fc01fc42&src=GD_JOB_AD&t=SR&vt=w&ea=1&cs=1_cb9d81a3&cb=1677590277005&jobListingId=1008484664024&cpc=F86FB55FF2FA18D4&jrtk=3-0-1gqc2oagbmbhu801-1gqc2oah0j47i800-4d39435f81f390d7--6NYlbfkN0BzyisK0oENbqEFuDLcz4K0nM5jjT0CpBl6AZFuNwb4OcdTG6jwoCL_NMn51xN5U6Y1iVMM-kEzdKjm25iGAXqdBwgQ-7HZEGh1RK_YdUeK9FZdLk54kibMFpO6reHPtscVAVk7PbAEpiUebVYGO0J-oayO6Yjhl19bb16djZoLOam8jCo0E1eDzrDwGHm4Y5C3D9g8JhbxtYL6xZiapHhm_gnIO-JyvMqq5Jh4DK7fU2TsnsPyMMW4kKR6Bb7YoFB3-AuCJAdP0DfDW5YvcU8RY5CAlEd3b_SEp9nYseUeer3AvhzY3eu1GTqJ3u0L-oaymRpBKjbC3CNg7O1jFTx9D46ClennbzDTECmgxLEcXYDIh6L22FNwXDthPJR5erh9SWVUrZ5fLSxAH8Ioc3MrQ3n2vZdlF1getbJ9CR2u63dSnutpRfetGbXEX0oVogB4hSXFuLdJd66623o79_yLZPz4XLA3VO25xbzixHgX_fKTl0yYcubrz3YzaDerayfpn_lqSZtlOVyNIBq1u2wsWc2viiByOC0Fsij-QWg6Uns4MSPGjPrCaL4AHWt0V_dAo8hptwtniXcVg5N9tQVp,2023-02-28
Guess Italia S.r.l,Addetto Alle Vendite,Italia,,17 g,https://www.glassdoor.it/partner/jobListing.htm?pos=103&ao=1110586&s=58&guid=00000186982c29de987ec474fc01fc42&src=GD_JOB_AD&t=SR&vt=w&ea=1&cs=1_d9d4c517&cb=1677590277005&jobListingId=1008464381753&cpc=80CA950050679DE4&jrtk=3-0-1gqc2oagbmbhu801-1gqc2oah0j47i800-7477f64e3eb1b4da--6NYlbfkN0CA67G_SAGmLKr1-1zGryutA_KuKy7K8eYaAWAKkAexSLJ-g7tP2z3xY-Pu5UHMF1qyJ8ZQo784jUGrHvaprqR1dURmLSaWmQNpeRe65l5kDl7m5t6PYQaH9L9-WSsaSQJa6GWRfJ6qNsKGcdJRAmTTOu7AWq5fd00qyjUU60fQXw30SwJsUsD8VSvwoqUtkI0bzQT5xWkqJyUjBbo-AABoZmxiz0bND8wN8NjzrVIVjrGjF0H-mvhRdzsZiwtMME4_0t9L1wdGpxWhNXnHjKM7iogaBnP_UHwAhMDdbac_F0fntapBrrzoRAl_4oFxGo_-WfgqlOqGeJVewQrG3dHNuf8MNxkfe-oetTkyhePxB-X79pamx01Q82-Zfmoqh55Q245jgpGfeLXleuypUmzK3_2DK9oz519_fUbMOh42Ic16yXAC0zIyeBIfCRJghwP_vsA00M3iF83DNFBsWv8nDu_Nt66vNV_VUpJnFWnwHafji7iu-OE5D852_Q5q96IkrEPziN1uwRBRrhb1mCbyHfbxYWtv4FEj6086LUqIripq5To3LoGVD0RwWt3Q9Xr0Zl6h70pS1a6YJuZW-1aTNLFanyGCwvYcS4DG5oZXJt-F9yGPbLbQ,2023-02-28
Verisure Italy S R L,Rappresentante Commerciale,Italia,"<span class=""css-2lqh28 e1cjmv6j1"">3.4<i class=""css-0 e1cjmv6j0""></i></span>",27 g,https://www.glassdoor.it/partner/jobListing.htm?pos=104&ao=1110586&s=58&guid=00000186982c29de987ec474fc01fc42&src=GD_JOB_AD&t=SR&vt=w&ea=1&cs=1_e722a9f0&cb=1677590277005&jobListingId=1008440675399&cpc=427C69BCF34A3160&jrtk=3-0-1gqc2oagbmbhu801-1gqc2oah0j47i800-a64406a40f86b3e4--6NYlbfkN0AahMpHASL-rqQOt-rayfGPjlZqDLP80wvjLoSAvCb3DA8jzMeSm_CwGEu8BCQJ2UNcwUanCnVG6PWv8FBn-VlNlmE1L5yIBxUbYx1Aw0cKSB0sZDzcNlvShYGc4ODixXhoRNSO4HV7iuGaF84Lf_y23AGGQ2LwYvkkyPLMuJbqCgytvyeyCeC__-VwDTMS2TSWZJh0Waqn1Z0uTV5okw_lhmfrPsbSKnmh5pkzxCLNMsuLxLQv9RiQji1ZIAi5sJPD2CqghbyYqPCFmMaisUd2lBV48iPSPB_eoR9251nkIcz75J92qAGsCn9Hfh1ja_YNs-b4FpDTGHqs7_OXwxdtycMin_K_c3f0Fir5OVIss3fvaS-1utazxwiq55tQCSjexq2jhaYikoU1KmvTUFNJoPwRUguY8vyHchDhFNVgqSj7FbI91FWNIx1FBCZ2_Q7P9judOKoxTihk3EAYrm4IYguJHm-HwQXBQHuUA_hGuuggppnc9HZ6aiCjKe0S8CBEU2qlzh2h9cjgt8WpmsOO4RZJbmz6uABlYlY9xtBPwfKgkHRII0Gfeirt1UmQT-hOOGGJObi1VB7eH6AB46GI,2023-02-28
Yeswework B.V.,Geometra,Italia,,24 h,https://www.glassdoor.it/partner/jobListing.htm?pos=105&ao=1110586&s=58&guid=00000186982c29de987ec474fc01fc42&src=GD_JOB_AD&t=SR&vt=w&ea=1&cs=1_edd629d6&cb=1677590277005&jobListingId=1008495483149&cpc=9507B69CE123BFBE&jrtk=3-0-1gqc2oagbmbhu801-1gqc2oah0j47i800-5d2ef04dca78a1e1--6NYlbfkN0DVWVpzXZsQsPbvuwLc2lWa_WplDJfu0i7onwuQrPPz4l2iGxSSD6fQne0H9hcBX-W0qVFp4K2TM7zmoe_AYEqV1HDS_uRUw-t-4UCkU5gwI3X48-zMjMXC-rewkFcs1KeU7mJW6div4X0xnFzwBdLlTksf1RFcSSGgsQfZ1HjGDTaKBWRoVZ6FdRjy3hI4pAqwQGaJZBy0MhfUOtYGWmJVU-NKjvG8SxxT11NqTbmhqcIxrra1DpEzRx1qABT36ORaPQqzU9fh8RPIQK_l2kjWiuhJYIiLr5Q_KcHxc_SulM3GlVWXvn72igV1zZee01lEdDbdXAATJA683AuweVLi_M3Mzj6C3snP3LqyaUoNPc_KZKsjMcqG0Xiz8700j4_GdEH_rCL8zhtBI7F-72-2aPe7CZ8V-Y_i2YX5_NnIjJ5fn8uIZuu-0dppFX60RepDVkffkGfQaFfPGP14hkmyGV7smReDHQ1ivxpAjpnYdjuTZGAmIZPi-Gv8G5WdQgj6bllUEFQWxApN8y6qhNRyNaXPt-jnyx5YO5JJ_YIjwyUhPL8mNETKatX5O0QoLZCkM7UurfmADNK43dEbImT-BylPitRIsWA%3D,2023-02-28
Facile.it,Responsabile Commerciale,Italia,"<span class=""css-2lqh28 e1cjmv6j1"">4.2<i class=""css-0 e1cjmv6j0""></i></span>",Oltre 30 g,https://www.glassdoor.it/partner/jobListing.htm?pos=106&ao=1110586&s=58&guid=00000186982c29de987ec474fc01fc42&src=GD_JOB_AD&t=SR&vt=w&ea=1&cs=1_3300edd3&cb=1677590277005&jobListingId=1008428542711&cpc=23D1D7905F5E0EF7&jrtk=3-0-1gqc2oagbmbhu801-1gqc2oah0j47i800-9de9e4429e682922--6NYlbfkN0BmDrR7OGR9gJmF054fDOj_Irftsb9Ib-ykftL4-GTXRFTKRWP4aEhPdtGYU0uzziyByPg69YTdLMCakA6i5STr3NYrHxVntkiwvre1ra5QIHsBWyWtRjkykNtrmuTRG03d6CE59kcbq_G3XYOw-Dckdex0aHIaQSEw2-5GIcynhmAfsfTrPXNtqDFEMOWtrD2ctuqFmr3btY1VZkKlqWwv4BSG8phTY9wVMRcdMaSY_ww5V-jApGdYjbdYGGZJWvtMFwornZTw5Y30jn3FrUtIS_gEv16lXb1AO9WkiadxJckfoZGG4l9jtBNpaU7t-dJJ6bG4mW0lTBurg5uB6LCApg4V7S-jfksgM3zjEDVgX_bih63vHO13vxfHOXMGG3DmEZvsDqTDS6ZW8BCGdAk0GJAxP13KP_OPYzSdr6jcd6Pc0Us7vPlFMRb4D2UQwTMKSAgC_QQYzSB50fgoA3WTi_KjyGIY08S_6OzcFHUVLxTg6q5wMREXQs9JodqogmXNKXiNSwa-PuAf_NFNCEjG_lTyHz58p-sSHssoy7j0TXnQqke1MiPaso_BRzjwgxVT-X7JuYVlibx1RSf6Af-FkP7fnWKBmAMonNlTt35m3M-UDWvyvjTzt2nQn_NBB9jihCq9UYFKwpbvTLesN-ye,2023-02-28
Dentego,Odontoiatra,Italia,"<span class=""css-2lqh28 e1cjmv6j1"">3.6<i class=""css-0 e1cjmv6j0""></i></span>",11 g,https://www.glassdoor.it/partner/jobListing.htm?pos=107&ao=1110586&s=58&guid=00000186982c29de987ec474fc01fc42&src=GD_JOB_AD&t=SR&vt=w&ea=1&cs=1_a58e8b74&cb=1677590277005&jobListingId=1008478069058&cpc=F4855CAA298D352E&jrtk=3-0-1gqc2oagbmbhu801-1gqc2oah0j47i800-a74ffc6e5b65210a--6NYlbfkN0CTrm4o9Q9YDJAd4e6Wx7ktIWl_mhvRAUtKHsqvTVxUxsGQqx5rurymRocrkVkzkvMF82D6b4yriA5haV9mqddVXr92RqWTsKGtGggG6RC0nBr63YQdGM1Ac05wyZVc4oWtey9v06ofvYHKAhA9Ukrmjl61LV5RQx8OlNJ4-sXviMjqkdIBu7KAB1wLf-0BkepHD2d-vKEkPjWHAu4vAhwtlgXQYB0UZFkmb5nOBLSyRc328rS_G1WdvEK7KONdP4kayWlHKUvPql2Il-XrxhB6rnQMJ7mwS_38E30XhqaKSCV94j4iHbRJJyz3gzbXvS667rROhKRQ1N2smT435SdmQeB6c3AIWVy2q9qJyWHre6ssEUu79WwuU49-bkwUC2hTi_T-L3qZ9sF8acmxcKm32aklWglOb6LKTBZ_qY8nUNB8cTdQ3EEMKZeQonkFbdjA6yfp5wxPTLsOWElJKotbRglEbydwtuCE5XSoXCPQIPU_9Rvryuys0J83ZqIKvRm1fp9T-sL38d4hDDvkpC0ndRPAdcICiSveQyZWufcq9QFXuVwpgbn1854ToYBXM42iqLkBUN9IauNJTXvQKDrMD0jrPLXvSBHEQmjbQyImjT-rIq7PKmCrF9WwEuPGe7cc63Kkvhe95Q%3D%3D,2023-02-28
DENTAL CLINIQUE SPA,Senior Assistente Alla Poltrona Odontoiatrica,Italia,,2 g,https://www.glassdoor.it/partner/jobListing.htm?pos=108&ao=1110586&s=58&guid=00000186982c29de987ec474fc01fc42&src=GD_JOB_AD&t=SR&vt=w&ea=1&cs=1_05c9e376&cb=1677590277006&jobListingId=1008493399811&cpc=678FF63AF7ACCB7E&jrtk=3-0-1gqc2oagbmbhu801-1gqc2oah0j47i800-c70cc7f50e0abec6--6NYlbfkN0BjrLiXh33nVJS5N8YfV80V89pLwIJlhdsTBpkWxGqF6TVdpRsKk_rLRVr_kfP69iXA6DetfKTRgtz5iWLvk3iMAuS0M3ohjjCPPJzpT1yLEllNyLpG7WBkCtBqtYIPV1EKqFOQy-kQ7Wg-wV6mFBsd6abyolduMDnFH6bBzadrjlNovgLhKVtcn6ljosS523fM2ZuglqbPTJmAX0IVdurINyx6EinCpMRS1wHSGms9skizN0WOCMNOd64k6GhfGYbyVB_EYJ4g2w9ZdPySNuO99sMrcpIU3ydIAaemGYrKswMAI56GZfYrzYHCw_DXUYTE69C-LNzheWukh2-Lb6J8tRKZ47bzceS84MRPp9W-Wgn1hi5ETfKOuoo1fdq6lepSZYSydweLtMZbO-ijz2MRm1Kk6O_Aru7B92u8ImHYGoytjR2yXSikccbpOTHVphjKWV-CzFU7sVY-4rIUHK7pPvc2b7JnBwHOsdT5JyJFNFH0rFEF-geWlCGlCIMeescHMVxceaPEI5e11tb7gj1xpL7q-XpVczI57LuQORIHp2-OpjG-KXB2iNYFGZgTb0HsLPE5CqymLQ0zpqllsRXt,2023-02-28
GEOSYSTEMS S.R.L.,Programmatore,Italia,"<span class=""css-2lqh28 e1cjmv6j1"">3<i class=""css-0 e1cjmv6j0""></i></span>",27 g,https://www.glassdoor.it/partner/jobListing.htm?pos=109&ao=1110586&s=58&guid=00000186982c29de987ec474fc01fc42&src=GD_JOB_AD&t=SR&vt=w&ea=1&cs=1_41f09ebb&cb=1677590277006&jobListingId=1008443194700&cpc=0A88B0016E52E137&jrtk=3-0-1gqc2oagbmbhu801-1gqc2oah0j47i800-4e9fc859bdd338fd--6NYlbfkN0DUu9eo9E1ZhaklJd5FfTtI0Hj_PIjJKVXmNaCSc-Vacgf5QB-SGlTXBuo1_ZvxTuGc8BF8TUuqYDyELmEY1a3iO9Hij5usfCMZYxthwPDX8qYh_XSYt0_DO9pMmdVztJxWT8hpKbwz1XY-ybJDyByy9hiIXwZ_aef7y9C1y29NlR5wZVA5vOuXnINelsmfBFWWqzD--Lgji2SLIBZMAOEpmlSy5UElXODrMNozcSfzJy8W_uWjjIlMsxZLzFiAUIUPcy-1h_9TjM_zIWPpX6_GWp7osbSFM1GTnoMvZB1NN8ni5zjG5yaG-F6WFnJfhSop_KHjEhv4vlj_KKhnRYduDwOAMwWhSosFvQYhdTvXrxKYlOI3SU1FugtJoRIDSqvhIhVnm5jPvlKYrkVd_-YTu5tGD3di5XcTdBw8SBHIntv8Na359QheHze38vWCnRIclTIGUiSMmADrzt_q8wtn2h6carpHCmuBzaTpdlxipls_opEvx8342HRSbB1sEFw_SlcOad1uu4Laum9tNOD8aHWNiVFOhAJtiSSB4cldxGbBGUodpkGqyI1Acd-adRqX5_cgZv8-xQ%3D%3D,2023-02-28
jobtech,Junior Supply chain specialist,Italia,"<span class=""css-2lqh28 e1cjmv6j1"">4.8<i class=""css-0 e1cjmv6j0""></i></span>",7 g,https://www.glassdoor.it/partner/jobListing.htm?pos=110&ao=1110586&s=58&guid=00000186982c29de987ec474fc01fc42&src=GD_JOB_AD&t=SR&vt=w&cs=1_e9bc8f04&cb=1677590277006&jobListingId=1008482957293&cpc=632C08DE5A4EA969&jrtk=3-0-1gqc2oagbmbhu801-1gqc2oah0j47i800-dee6188b6d7f5fb5--6NYlbfkN0BhUQ-HNNcduSXnf43rV2y15v0z_WsvNujsSbY0-jJgEY4DwK68Vcwz61Og1OIN7jp-5Cex5iAOrmsnhDDsX5ovaFxdSiiY5CCvwUu94ZUvrEg1Dobty58Pc75yjiE_CxbmuUTgmKA4R5gwBBXuBXz28QeduK7IHoljhRXEqGl6b_R-iO5meSiPoLBCbTS9wPjGe4mfpGxGizRsjE69aiXuFDfTDHmzQZOiB8C63LO2fLl4Pid6FM_fRzTkhVbqVNtITQpSlo3DT-7Ti2W7jImkO6YA7wJJLFxV9C5iMCyVCuMe6vSrfI_uDZb7NnA0hOvfBrjHmy-nLFu_kKMLvwq8g0E9HDApk6gF-YteFj9n8kNH3q4YI0xwNFAWnAScAw1lmL29uwuW8jbV_OL4PrTkMwvn310lsQSpecUXYUd0nerF83NPKYgC41i3hrE7zcBvAbr_X8GsQWvZrfbUMQ46w8EYV7EOZlgPYybzgIbm4j5wCnM1dtxGBubjoiEUYA9xbNIY0BpDYLHm0tBFQBLB-QJJIMxOAugkSYaMvDT9NAeM3W3fw-G2Y1XlffRvaTdB4AnzH0HJiBBrmYJ9YlnMGztInYUWJpuAOhSXCX_qubv60IgH_4PAcaI_SHhU7iBeHprF34N53A%3D%3D,2023-02-28
Dentego,Odontoiatra,Italia,"<span class=""css-2lqh28 e1cjmv6j1"">3.6<i class=""css-0 e1cjmv6j0""></i></span>",24 g,https://www.glassdoor.it/partner/jobListing.htm?pos=111&ao=1110586&s=58&guid=00000186982c29de987ec474fc01fc42&src=GD_JOB_AD&t=SR&vt=w&ea=1&cs=1_ef0e668d&cb=1677590277006&jobListingId=1008450768329&cpc=3C4EEAA328E8B31B&jrtk=3-0-1gqc2oagbmbhu801-1gqc2oah0j47i800-870784cb36816f98--6NYlbfkN0CTrm4o9Q9YDJAd4e6Wx7ktIWl_mhvRAUtKHsqvTVxUxsGQqx5rurymRocrkVkzkvOOgmKm1sqaYtrpSPEk3QdRbvYBya3lnKxaKqRdYuFwMaq41YaZ0fTMNvPBQmSwktHbacQd44TDxxUCHMG2vETjIWnCpKVeAzcaKOOop5fUIt1gFFV0oq9V6p-dj44k5qRkiZF4v6XHnMalXPGBpgOCyvccti4u8smYTOCHf-JTSwVjSsat6frnQIWEVOOGVKmfT7hUWij5WxdmgzpKTjHt3bENtgO3MS3pP9l3Alm5nQtMOkyF72BlN9YH5h7jOjQRmwtl09-Qk1cX-CSOd1tlnRzsLvk6K3TOJ_XGTWnCPskhf2taUmvehYdMonwTe7h6CxmE7N39UXw3Jig9AZ2kY-PIBA___Nbqq44eoIlaL6hX92KxduUQl7YCQLYCs3mHCmoAt_G1-0MayB5UR64rZ9BG6d2edwisjos3K5sHTfL54CHe6CXzA7PicFfwUJ7_WunpTyBFqsUWMnL49dI1TKzZLyvaUjUWlDMA-CQK9SG1HkwHVNP5aT9oc42OJeaoN5iUXcmlzGfQU6JTTLm1B1MOWZ2fKL9U9EsC2fGcED3K8BzKaiKAtOezbClszTfhNkoCre25kw%3D%3D,2023-02-28
adecco,Ingegnere di Sistemi Informatici,Italia,"<span class=""css-2lqh28 e1cjmv6j1"">3.7<i class=""css-0 e1cjmv6j0""></i></span>",8 g,https://www.glassdoor.it/partner/jobListing.htm?pos=112&ao=1110586&s=58&guid=00000186982c29de987ec474fc01fc42&src=GD_JOB_AD&t=SR&vt=w&cs=1_e6d6ec27&cb=1677590277006&jobListingId=1008481190402&cpc=853DEF62E69EE75B&jrtk=3-0-1gqc2oagbmbhu801-1gqc2oah0j47i800-c88761f950026e52--6NYlbfkN0AnZZki9slEX_z63wsqeqef2QbFTCLB32XeLZxhwflwiRdXftf8jmFK0Ai5t64DnzvEHkJAl3eQum-HvRywUnsmLy4p6O61qbUcTJiP1X-Jc3hH--sEJB-OHgm4xyYaGeq_VMYGIt_y1dZlvNFyprATZLBKSoKwacrT7_0jfXcGNIhAJn_3rEat7g8x2R_cYxKmUuSQn6XUu3dRsHVJIZjVtoPjD7U7i-RGLbCSQNdOD2a0ckYdrZoFh_GN_H-I1-3Dvv8l9usYkb9agDZfWPGEGe1MUUSgfz9a301n-_MFixqs42I-gQJ0niWRBUiKXUZ81D1rRdp7T8Rdy_18zDzUs0Nf6-RKc2C5g0Y__yUsJLT-40XlSw6CXIUWm8KOITlnMjO0NAoQpAGRPXrp-Fuw0t0C-z2RhHCP03xCQI-p9L15pS_QGdfl_pVSzDjQ_iDgUBptPYtEiAhZvkTyhpdg-cHRkLvUC84kZoApsy28BGtay1KxV8KHhe4MB3TSWiZtOU34JzryBnzcDlmaySNrV8jyMJIB_GKFOoInihwzkmX0bU4kQLNF9QMhlrK1G_IbQp2XOy40Uc7NECCJPC8oq6jTMMacWEjakh3H-70HzkLrh7Fg_6FAC3TYRsVWmNMkWcKvOy-nI2g4fWVfRCRyhMZ2A5r5WGGRWwB8uSRKcTn-IKF28uLNgWTj-MSS-sL-Y9CDf7mnVVY6b4PN85Ehvb6QHCA5fs8713A9A8SsJYWt5NIfJwUC4_HbbPR0fkN-8E53pIRuIVfaW2bUx4vOT2zm2aJqbIkoAhRyla-77i8xyw2ABt9gxWuEe9_JhNzcIWoSoHVQbtqwXnnJx3fMkz-2Y-j_sSAMe1JlMhlbjg%3D%3D,2023-02-28
Dialogues et Solutions Korian Italy,Medico Internista,Italia,,24 h,https://www.glassdoor.it/partner/jobListing.htm?pos=113&ao=1110586&s=58&guid=00000186982c29de987ec474fc01fc42&src=GD_JOB_AD&t=SR&vt=w&ea=1&cs=1_33625e3c&cb=1677590277007&jobListingId=1008497085574&cpc=55FC80EBF760BBE8&jrtk=3-0-1gqc2oagbmbhu801-1gqc2oah0j47i800-4d7773d808dffd16--6NYlbfkN0DKVq3kIoEBzqH35EgkMlodp8KN1VlFYxcvFhl5oYvwkUTMb04SGRO5ROSZY1VvX4NUfmDf5a1v11YE42Rjr7lP4wBQ0RbUOG1Flh-ELz1Fs3c0JneQQM_Q_mRX8YVKiXAQ2ts6K-0KoSQDW23XqKchqobWZqXwp80qxjqZpNfTT5cfPeYi7wBJh8XDpAruJlpEzIBeEl36dOxqItHFw09j7OHeiNvGgHLR0nDgEGhOR7yb7s3W22_a-s5QfaR4YpZ9bcIgy1MdrkZ2xKRLcr0V6XuRf7DlEWDVEgGqbgWMDo2jZbbzNiUxKf0Jjkzt3NvkZHGGACKbdAWmTtNxjmEhO2kECSOfaxtPR4O6u1hPrHay_Pd1KtVm3SJDI7kxT020Z-rB8bd0bqw_BJaaPdr4TRHYY4jF0fv-BkpVMIWy_Vv-u-9K1AYXoejMoRvhIAqnwBzFELT1fN5mvKxKPfvWSrycTV2Vc6f8cS8hKZwHne2BZSN6ySrf0G1f2w8YjPtx-2ogotuTSxwK5tYNdhzR_U5i80efQ9vsMTllMpWIx3-ALMMxlX3qRFihIkr52c85s21KqUn1EQ%3D%3D,2023-02-28
Umana spa,Contabile,Italia,"<span class=""css-2lqh28 e1cjmv6j1"">3.7<i class=""css-0 e1cjmv6j0""></i></span>",6 g,https://www.glassdoor.it/partner/jobListing.htm?pos=114&ao=1110586&s=58&guid=00000186982c29de987ec474fc01fc42&src=GD_JOB_AD&t=SR&vt=w&cs=1_98261ce1&cb=1677590277007&jobListingId=1008485243650&cpc=2187E14FC6F1B769&jrtk=3-0-1gqc2oagbmbhu801-1gqc2oah0j47i800-6dc33c21a11f27a4--6NYlbfkN0DBkioJ74HNRv1kkbLI_dqC2yEDIKgJL0nBFSYaLvAaBKZdwsjGyz84gUGVgPPKCPrHAWXx_fVKw2lAsycu0l0FGBXHhTBV_G7raiYgGJJRhfYMFY0DYJR1A1pMxXsOngstk4EubkkS-OI0mMiL3yUNKHqvLbdLPDGuyqZMEMwFehQcwvfFmPBz2RP4rw4pdPtFNPNIX5zFf39ndyeJyMtEkEPsbWoDv6ENgDT3hTHROoeo3nTXqe47S6amZv6_U0tjrhQvn49CLjrrn73SaUjonVYBrVTRJ9IOZcxhAkzPxqoKCYg8nzAamLZ4fbtPFSz-ZqH5DkC49DxUatOH5v6NE6dtcxjMvfP7QA_VK0evRUhD-wVYz3iBfmlXkKA24yVcF0Yu3lGBwc-CfZVkFLvBiF5x2y0pXdJeHgtKnxjU8wUPVFZ_qXWouX19okseA1uaLnYihya1q9nZpJk9cqheTF1v9cfnTL1fahrqpU1vG52CzrzLEqRAypEZS5_RRjC7iPM2569LSfzHgf7S8SgZdGbpON8GTf1zjHpyg0EBrHF4ku_ZGbuftb7SCHWWVlC1hn1pFCXeIbyjjBcvHDfA,2023-02-28
GEOSYSTEMS S.R.L.,Programmatore,Italia,"<span class=""css-2lqh28 e1cjmv6j1"">3<i class=""css-0 e1cjmv6j0""></i></span>",27 g,https://www.glassdoor.it/partner/jobListing.htm?pos=115&ao=1110586&s=58&guid=00000186982c29de987ec474fc01fc42&src=GD_JOB_AD&t=SR&vt=w&ea=1&cs=1_45e9d553&cb=1677590277007&jobListingId=1008443190405&cpc=71D4EE06E32D485A&jrtk=3-0-1gqc2oagbmbhu801-1gqc2oah0j47i800-33735c23fe0c195b--6NYlbfkN0DUu9eo9E1ZhaklJd5FfTtI0Hj_PIjJKVXmNaCSc-Vacgf5QB-SGlTXRdxy_IVq-VHQConA8_2tLsUhS5mbc_HfUdJOtoYaH-rzfv6jCoO438Q5nDjUkDQnk2SouQCE286N6jesw8EfXIVsVLgcsiDx8wFiXxGs0zlbfO3KggaKgto2cPOxjQOs19inasAa-wUTiLieKaCxvcVRnsxUlpj3gtr2Soy7lo1GmSIPRFhDL6JKVu4-WD24UT1Ewv15NmqNKR5MZ9opCTMSwM5Ht7S0p7iK73RD5XvH0YTJoNIwrV728A6YSOEZUa9ZsmxVIm8zm8erW-MxSSaldccuCMp0_wBS5hFMdVDCy91-mT0ocT2eZ2WiKZdiNZ6CGSAzEerEQV-Qz7f5cGh4TDVn8tqfUJJIGX-c_cb4yPkFD164OnPeE-ldfVvg4BxnDuRf94BIZP0Cf5D9ndiHOS9s5f6lKKOTohctsGK68eBm8eILjfkeHKB7oZOPwj0sZaRF0wXRk-OqikLnspPBxUMSBXCV5NZ7fBkP6dw98vWK_4PXk8oNjaMGWClY3Km-g4eGjs3XeqNAJSuAtA%3D%3D,2023-02-28
Locanda Le Piazze srl,Consulente Estetico,Italia,,Oltre 30 g,https://www.glassdoor.it/partner/jobListing.htm?pos=116&ao=1110586&s=58&guid=00000186982c29de987ec474fc01fc42&src=GD_JOB_AD&t=SR&vt=w&ea=1&cs=1_c9c5d7aa&cb=1677590277007&jobListingId=1008420983752&cpc=DD81B0F02CF16109&jrtk=3-0-1gqc2oagbmbhu801-1gqc2oah0j47i800-c3bc2e94098fdfca--6NYlbfkN0CGIOA3dqyJLfR_nkPSDhrwfDzdOSbDr3wzjMXQqVH2gcwe90VM7sJIredI-EXMn3hb0A3pSrHy6e5Gtui0nxi_ud0NyrUMUp2E0soqm2Z-U1BFH5qBy-1TW4whiyeYzIAStWLjGiqs6m1T1mde7DXTkPJ1LBGrHyYh9jUDL5UhUdKLJMzgc1OKQKjH6fi6EQKtKSo7cL19_5lRENOrzX_5DSmEryVJtgLxB-2LA2kuPuRyNbZFSwOvNT2VSffxLH9aGGu04Wi6bNrnZmn14VgOrRf0Qx1oYqn8T9ZgCMi1ddT2d6XVbmnIxhwYHDLl6V99hDnTAbrzekUWqYdXBatqwRpbfcilSakPbU87-gTI-zyTNksgkDucMY4Wb6b_Xry6lFHoejTJbCYYznHhaNBkh5n0-ouWB4jLwPxuO_50YCMpUNjUeUWqT3gn0TycnfJkCRdEdIDWrM87VwdIYlSbAuN55HoHATvc96-iepN6K4ELzayOXhrnWaTqKz9AOJhy3iKO2LY6Kn3NvMxjW6TRHveT0gCXdxkYGii0mR8xosJwuxDpvHMdPYVopBT_Z7b9tp6JAjZH8g%3D%3D,2023-02-28
Findomestic Banca S.p.A.,Operatore,Italia,,5 g,https://www.glassdoor.it/partner/jobListing.htm?pos=117&ao=1110586&s=58&guid=00000186982c29de987ec474fc01fc42&src=GD_JOB_AD&t=SR&vt=w&cs=1_a84b1295&cb=1677590277007&jobListingId=1008487360950&cpc=4050D81B60456B41&jrtk=3-0-1gqc2oagbmbhu801-1gqc2oah0j47i800-03e07553b7555246--6NYlbfkN0CyelwOgLs6HOGDMccZNmBAJGrtKCkwEm_4BRBAjw2Xj95lbBt2RbjQQMWBYvh1hhQ6BHZUBeIRXfBpXFypip2CgqCK-UY3yaDgHNRGoyVUqnaTx4QZBYnHXIp_C76dj5AS_-Tsyp2PqoeHjVvfzxPT8gaCXv8FnQsMww-gYjbU6r7USxtrDUqy2FzNXQ2Y8lYW-xbNyC7oup7eA5Y0S-9RBuPFgKZqTqlmMZCsckmZ3NIIMl1cYOUNRjhp24-Yu-zsu4zp2ZtLfg6FalaliL83RMpmcjWkbqCMREqrUI0brrnHIe_e_7YGXbhFS5LtLbqDt-26puW-fIMbByhXQM4_EnpUvbCfykSFnGqg8J3oq4CfEIDtd-8fJqtBVnLcjeDhL3T6o0l-XCxz1N04sjISCbKLX9mqKxkeXFyrkJDI2vyUPDy7xlCOytLwvM9FiXOaR9HYHO9jFjDEu7rLNBrEF8uh2dX5z_xlENt4faoy6kT8l7pxLY5yI3ZVzT9x-V5-Oifj5i8Rg8xPFXynnBsBySCY0aegqxAWep1wfmkO0On5siuTJpulBJ308Eri8IrZNUapRoiXA-TOFpMQy2q66bABDNgMDuZF0MDSb163ydBe0ITS2M9x1VYVGO2VKwXl6-eAU-w9QR4apa9N8YBY3OqVuzQy-Fb5VmDEVaus92yPxfVdnr4gGU3FZeYzYeBHlCSZclC-GVMMWlOHcobrnKEIErcT-mpTIvfTYfLAb_rLyd4XkdAAXKwz-WB917i2D565qFmXrNf3XFA0JDRak57UZa1V7g1LckKF7-NjTY19Sq4FIunomoCMIAl2Y7hQCeoH7cFwedmTsE8faS0EcJo7t3lVzSM2K4yRlxGDo7deuNIILP-oA6QR-Ri49S0%3D,2023-02-28
Teleperformance Greece,Non Title,Italia,"<span class=""css-2lqh28 e1cjmv6j1"">4.2<i class=""css-0 e1cjmv6j0""></i></span>",13 g,https://www.glassdoor.it/partner/jobListing.htm?pos=118&ao=1110586&s=58&guid=00000186982c29de987ec474fc01fc42&src=GD_JOB_AD&t=SR&vt=w&ea=1&cs=1_a36584fa&cb=1677590277008&jobListingId=1008473411833&cpc=4B4B39186BDA197B&jrtk=3-0-1gqc2oagbmbhu801-1gqc2oah0j47i800-f5e566af812de80b--6NYlbfkN0A3mJz41ni2a_gC1sAuFjlo5a_dxk8cm9Enzs0sCYpGxXWhdw4MpkiAeV8ShfO7p4iXz-viqAm5PG50GCdw1kCiUWtX-Rsrzx5m5O0Li2FP5UWFZmmbqrVYNw_mY1Q0semEoYaCZsOW5QS3UseTLAwQzGiSNOs79K2kaLQFrfADKMt9GqW4azbb8GYvFt42Fz3dGNCdOJQOAl1xMEM_bCs_6k0I14qt94XVZgof6MZ_U2Rz9I3xFGX9Q7RvLGBFdsgIjhf0jddQEi-cSiZZAEx244rIkXvsa0X84tkuXQTvf8eXi1z6BrawMtsaZaUPBE6nbsJVpCJ3BQdmPcE_LKoiF9hZ7A_UKfSBv7UfyLngF9dI4FYxzPyd6-d5LxK4fGXLt9w2VPIv9rw4ENasQ56fDDjm8yB3s3kLfYcfS6YQFqykBNbsT7RixDtgWR4cJHgzAnIllLQaQVjp3OnWlIHCREp0PoXULLTbYEDLgFMjBj0Us1rlLi0idgfDdRKN7xy8cvheCPwoJ4UztGq6zKGVo7Sa1irg1uyGUhqiEz4-Te5537bXx2VuxHl1TZ7uxEFJvY33yscVKApCTVIrvAXEgosr2obm46sF1w30k8d9dC-BSWuj1jgAYrNh3cj9-98x3zp3vXFCNXBbaQsFROLVOls71V7HpAvtNBW14rI8V5FvrHrIGpBFvoqAkVZDUi6k5dDiPVgB8rINJkYFY1cP0x6PKoreoyIP9g3PKAJCuHABVdox-VZ-qWMLrbIIGJlPqXt_N-lZjQ%3D%3D,2023-02-28
adecco,Senior Ingegnere di Sistemi Informatici,Italia,"<span class=""css-2lqh28 e1cjmv6j1"">3.7<i class=""css-0 e1cjmv6j0""></i></span>",Oltre 30 g,https://www.glassdoor.it/partner/jobListing.htm?pos=119&ao=1110586&s=58&guid=00000186982c29de987ec474fc01fc42&src=GD_JOB_AD&t=SR&vt=w&cs=1_e4a7e65b&cb=1677590277007&jobListingId=1008428774486&cpc=8CDBB1EC89CF7160&jrtk=3-0-1gqc2oagbmbhu801-1gqc2oah0j47i800-d3e92326e0a33177--6NYlbfkN0AnZZki9slEX_z63wsqeqef2QbFTCLB32XeLZxhwflwiRdXftf8jmFK0Ai5t64DnzuEJ5ibQUF156tYcbMilcNl3UraPPwM65OVQqdvSk9TsskFw6HctpXflM-AD_GJmqfUX_jC-vFMKA7RVfiBIB1PAB0XAl9mx2_26aaoLIE99hAKOGPGh7QYxMCkakCVqQGG_o1jFmG27qPWYL_tupBkb63rC8GCxIp5nsupuQUi8Uuz5V9IimoWZZaIJIBvP5Sc8XbXkdnxEjq5N6L0BeVuzfGTyJ4Lz_MAqLgsNW3_LtsFUgdv3Ze-7jtKnmgtGulp0ib7wJgv0rYPc-PamclIQj1AO1SUqx7kILFo3seXltPzvB7EGCETQgNZ_SPCO0lc7Bd94jrabXuABJl1GgSu8xkSCJ5w9BrczBgQICjb47ApX6fBcfmRbzBt0L-_3Hksyk9Xs48eNRQZBMLli6HueYgWphNmICZx4E9zCmJKv2GXjmXLJzJXH7C3FC1_BAEYhYIEuYmGGaRO8l9Q2A2KgYce53QRA27kA71hOWebfm88CZOxzCPbkXjYQQt6eEZEi59qb_isZ0v8ds0w0JMRV7M_VRGDb9znI4F6DPKas7pgTil73ttd6SmRlXg-oCWzFv9KEMrjUY2wzty_xUF_qk6aZ9MZ61aoXM9DgFBfSqvpVjV3TbGighNaljsrydLwZtS72BdripXJBFugcDoU1C2tNLBpK9REmFUW6nyHTwK4MminWdRY9G2_5N16RcvXLyzuDn7sHhhG7BldgmeuN_4MDtKEITjzxolw0pEhIGdx_OqGMuNbxBEjWN7m61XlXem98nlTbHi0IvjKQsNk__uwTAKd3awzpr1R3ybRzw%3D%3D,2023-02-28
jobtech,Receptionist,Italia,"<span class=""css-2lqh28 e1cjmv6j1"">4.8<i class=""css-0 e1cjmv6j0""></i></span>",17 g,https://www.glassdoor.it/partner/jobListing.htm?pos=120&ao=1110586&s=58&guid=00000186982c29de987ec474fc01fc42&src=GD_JOB_AD&t=SR&vt=w&cs=1_f955f31d&cb=1677590277007&jobListingId=1008464304761&cpc=26740BCDE5E48596&jrtk=3-0-1gqc2oagbmbhu801-1gqc2oah0j47i800-9f174e85715f79ef--6NYlbfkN0BhUQ-HNNcduSXnf43rV2y15v0z_WsvNujsSbY0-jJgEY4DwK68VcwzykPIYJ241L-RYIXwKj9ioqmh-Cd2jr2YES8-MAumlCXPUMkusEGjBuDzlhkTbT5pl-YScx5sTLoq6FJC1emEkc3iDVwempjujPsKWg8zZ7ayUXBk_732LasflCzNwsFuYqr5lHybM7REc8SDyS9iNRkFw9To0gThaN3Nfoo5Vkmb-otIAzsu26RZLnsJrewXhX27w07F4bxh5jL9MM-IBBKYz-IW-UGR8xIApQcUZVcW3lowx230_5vipKQpeLCa65dmOC_IBiSJMr_SBrrpCFhiy6wcQn0hkOB52xRucXHebHm38afpTimhBKrObHDpSziGoxQVwnUAFkazfxm5nyftUcDTjGMUSafpNVlHPIhVurjNJVUmNz7DItq1QFaPmcMmDmvJ7mg9ncqMkL2E-Kj-db-lNyYFxv4-X8JOo9XQfYvwsB0tcPuD3K0wWnP7divQRHjquOFukKfHh5542HMrOmny9xrxJAw2s6LUphFQAUlCiMd7H2h5PxOx4RpDyCYmRUjh7B33odTl9mb-qK3WwFAhYkhxRQDPVlfc2mNzRUKme7vf0lE8dBTLiBTt,2023-02-28
Teleperformance Greece,Customer Relations,Italia,"<span class=""css-2lqh28 e1cjmv6j1"">4.2<i class=""css-0 e1cjmv6j0""></i></span>",13 g,https://www.glassdoor.it/partner/jobListing.htm?pos=121&ao=1110586&s=58&guid=00000186982c29de987ec474fc01fc42&src=GD_JOB_AD&t=SR&vt=w&ea=1&cs=1_19e4cd06&cb=1677590277008&jobListingId=1008473411846&cpc=71D4EE06E32D485A&jrtk=3-0-1gqc2oagbmbhu801-1gqc2oah0j47i800-ccc1f8f5f63d351b--6NYlbfkN0A3mJz41ni2a_gC1sAuFjlo5a_dxk8cm9Enzs0sCYpGxXWhdw4MpkiAeV8ShfO7p4iXz-viqAm5PJ5spq0fgbfYc1Q-0utaoez0_Sw0KRtbXbauiWPcIZKPD03xSq2OMu0JlPxS3YNFMdGq3P3noON1vUFAWaGW2LJiBKhkcfLIdIdh6ThZJPUdAZCVRFkGASX4_1gbOYtpbFn8RSrHf6j8WqadhdrQy42ZRNAUVjPAjLSr2AS1qK9F5IiC3drzX7lE3TpGJ915WPdLaWTY5pdzpqFfl3l1JFX_PhnzARXql-AwHvuyvwSE0cr6IKfY6yUGQuuhdh8IFwhjztYV6ZE1DwxBxupECmfGrD_OyWEAYzj2jw2uhlV7Y4mtREbJQExS-NVSP6ROaRQxPFwbCeCz46IY_DFxY3sFwOKM-XWOpEVjLOuabcOqZZKzM3IOUb7Kq4O7n-vvx3AA4snKwofJpD78w1wkn5x6v41luucMF_oqPQiSEW7pNbLsy9VaZpzZc0oL39huuKM9kuRbE6ktvPfEfuTLg_DxDvhNgRAwu_dVK4GmMiMqjIkegnfu_s4YwSITvm1K--kNxiCXwFlYSZXMqNjBhRZ5RLHSoZdUt3T1Ahbganmaui4zYka4fy5yn-Ue_EZ0b2FV3PzTLLUucBvGsnJu9U2DuW9V6_7gvqrRNFc5nrKgRPIDNolA9d5kmhBzJ5pns91WN0CCQGp_ewzLCl_9ohojPTserJiRLm7YTstm0rv5X80la2_nfo7XJiveMYcx4A%3D%3D,2023-02-28
MioDottore,Rappresentante Commerciale,Italia,"<span class=""css-2lqh28 e1cjmv6j1"">4.4<i class=""css-0 e1cjmv6j0""></i></span>",6 g,https://www.glassdoor.it/partner/jobListing.htm?pos=122&ao=1110586&s=58&guid=00000186982c29de987ec474fc01fc42&src=GD_JOB_AD&t=SR&vt=w&ea=1&cs=1_5f8753bb&cb=1677590277008&jobListingId=1008484967626&cpc=CBEBA1A9D941894A&jrtk=3-0-1gqc2oagbmbhu801-1gqc2oah0j47i800-a931e21aef8af5b4--6NYlbfkN0AF17EcCFvC3sSSauUVKuru0Tz0j2iBkWihqZ056fyRXqqCNSZhnZEzp4hc4sXcmq4MheQjwQHgTdSh2mRot2ifV02wW1Lv_Q-2YVydD1ZNbwHGnVKX_82UXi-oropNYSU9zg75aHFcSqfnAD913Ja6uMIj1gdmc0IpEverx1C8pWiexYs08VzMWxFdqfhidavltD5iW-slGm19BYqk6xjIf22MsS-f1HsPVsV3YAK6o_DBd6bf5pkcnv2Zi08Fgdl575MO-zoyuNExXY-ZkdelpRBUydtSStAee3RZWfVyoMBxpStyoqZw_nDn_Vdk-sUwZ9mqGui-vAR5hHPzJhUT_SqbrHGTjZQTnf7tiracqhqhk12_0wWpvZW-5Dec90_432UCa2fwmfKvb7A1cJtIRH1iOK8ykOYBG1G315v0edUHaXD5ldsGhKfXW9iCoSLD9Vr-rWqR21dh7KMQdof3I09DYwoEjLSbxOBnSfBPMoZp9LJUksM-YR6z_eqTF6olo_aAzVCO4ptfH41wUEqwAfZwRtzvIL0odSpUtKxz5gtKLhFotMFUez73e0lJJ8G-Ckfx1jLhgdBlh-FBmjr3gecRRvniboMt8Hd5J_18gChtyY-oBbwDXtApYxzS-L0%3D,2023-02-28
adecco,Junior Sistemista,Italia,"<span class=""css-2lqh28 e1cjmv6j1"">3.7<i class=""css-0 e1cjmv6j0""></i></span>",Oltre 30 g,https://www.glassdoor.it/partner/jobListing.htm?pos=123&ao=1110586&s=58&guid=00000186982c29de987ec474fc01fc42&src=GD_JOB_AD&t=SR&vt=w&cs=1_e08d55f8&cb=1677590277008&jobListingId=1008428774495&cpc=14D5209370AEC984&jrtk=3-0-1gqc2oagbmbhu801-1gqc2oah0j47i800-2675d95b06b73794--6NYlbfkN0AnZZki9slEX_z63wsqeqef2QbFTCLB32XeLZxhwflwiRdXftf8jmFK0Ai5t64DnzuEJ5ibQUF158-h0j6eybCr6QXza1alH5CC-9IU49ncd1_dDgfytzuO1ynkK0sG3UhVroI_NMMNUCV4NhsxMq7y_E-bDIKTc9YHDKmGrs1abQjpWwwbZvPnE0KdsVv031w04T_pJvR4vzBx2FCOY-rnux9GWWhPgh4DaScbf6TMOJikv9f5Ug8wyiFYsZFuCADtcqyeDX4H_pgTIAJ5ktqsmqM5Ps6VVKEZmViOYMVV4_oEMYIwBgc1Ft9d15896Y-jCmgYNwl1P7wvbk1tQmmH-VowRSPzpiA8xYG9LD2l-vCpgxByTrjeJwgLbD0INAy5TpbpU1OFRQF1da7tmsYJ8MjWhdWtQxbHNnX662nh6LTfZwrtGh6ZwznmjSnSQXhtJadaxQHu7BTdo0ESQUHe2Cnlj7IOQ4n2xdC_hGnEL5I4YXpNAJmC24NLgHR99H9vjVucPcsZ3lU0aOrJ_Pu_160vIVg0FSLHEd2Ue-65piAfupGxaiawXBRcv08s7LxTFKJjqDBNgcWFllZJSnH8cKnI25Vpvyqdi1Xk9tVLjOTIHnh56KT106NsrZZzyXcXmnDcQ1hT9H2Dn8NJEg2whtQDCZpmmKUvDMe5F5s9_6KQBF953_pNrmTyKBD_udpE0sYaPco79xXJMsjHtw_y-nTC3Lf7Q8O4HkT3lWb5riSdvvwGEIz8nAIPKq-pRNBkfGO-Y564-jIYDfMPQuuvEyOs_nQjh3O-IAGNSmfvWG4bvLxTOyQWtrgQftYXQFwLaRHU3_djLd1rpIkGspDJh3M4zyN2IAuzFFZpesoSoA%3D%3D,2023-02-28
MioDottore,Rappresentante Commerciale,Italia,"<span class=""css-2lqh28 e1cjmv6j1"">4.4<i class=""css-0 e1cjmv6j0""></i></span>",5 g,https://www.glassdoor.it/partner/jobListing.htm?pos=124&ao=1110586&s=58&guid=00000186982c29de987ec474fc01fc42&src=GD_JOB_AD&t=SR&vt=w&ea=1&cs=1_f8811a51&cb=1677590277008&jobListingId=1008487416157&cpc=D3E44275D43A938E&jrtk=3-0-1gqc2oagbmbhu801-1gqc2oah0j47i800-c41895b5380f383f--6NYlbfkN0AF17EcCFvC3sSSauUVKuru0Tz0j2iBkWihqZ056fyRXqqCNSZhnZEzp4hc4sXcmq7Chi5u-Yexf7hMm8lPTOWCG9XQ-FbH1d8cmWm8ZcYmBf8FwfbW-CYIGm_xBCUEiQLHz-ZhXtFZ5nJM8-Ry7SuqOke6HH-8aylDvOtGDwVPuYmqccqHL4bYLZmvcisx1UpcpJhht4ZnOyLEUzH0ZbqxGp3n0BdnucnEG7NUvmeE-vn9JHEnFLq6kgOz8VF4ru8XHhkQ3Gf0gwYTtrkY2GF_IlnZVgqb8K9RTNX59J2sDXu6ujMnAAb_lKrSm2dKvaLbAO_H2B7mjLqiUfPOrMx5YZYxNZ68hDTlVnF5S9i0R3H2EwBxESXHcxo2LPkRirJ4EyoguQFtSVrfX9WxULw3QjHd7o88avEXNek5dQIGIgbWv-ynze1bh40G62s-UzWArQnrrXOxse7G7duBAgmZg6e_DRbodQ00pwcvVIvZVkrPejcSoCsuDU64EapcNLgSVQO12GwHvMlfyPeySn9V2OpascMUWuzBz1FIveRx7MjqkL8-yo_u17IpFDL1M4pJTtkNu0ZVDm-ZmMxXGzwSXYugvoc-TyUcwMd-0s_QsosfUAuSmm_RhosYa57czP-R140pl28V1SZUcP_NWlIiNr4xGgFlRug%3D,2023-02-28
adecco,,Italia,"<span class=""css-2lqh28 e1cjmv6j1"">3.7<i class=""css-0 e1cjmv6j0""></i></span>",Oltre 30 g,https://www.glassdoor.it/partner/jobListing.htm?pos=125&ao=1110586&s=58&guid=00000186982c29de987ec474fc01fc42&src=GD_JOB_AD&t=SR&vt=w&cs=1_44bce169&cb=1677590277008&jobListingId=1008428779833&cpc=036CEF58F9688075&jrtk=3-0-1gqc2oagbmbhu801-1gqc2oah0j47i800-2b270fd885d3e6ac--6NYlbfkN0AnZZki9slEX_z63wsqeqef2QbFTCLB32XeLZxhwflwiRdXftf8jmFK0Ai5t64DnzuEJ5ibQUF152832cQtZ5eG9i45PWfzzhlbPLhWnBeHAu772LNYIkJUC1L4gX9Cb6dYplAOoFj-80hwp5Ocf_WdYomKQ3M2qsI3e5hbp3E0bmQ8KPoCm0PscFM8q6LASPD52iZSNiBJDx3Jd5se3qfD-h2Vhtyp15ssSP_wgTVyK-gkz-2oOGP22_PpuFYA0IGH_2OW7E1CB9_jWDcncDWoDJR6Y6rUWAjd0REv53vgnuLg22jBeGnTo7nWEkauCF8iRmpDOfegMTbJrwmuWRrNd3D6KwSKY0jzYcHUqx1XIS-J-LaqGK5GILPRY5CsgC79qhBZFCe92LEXg0Y2ghwJyk-HvGWjRMD_f9-Psmg_MIt3U_MAH2irUyU1LVxHJuBHV-66irmLGCqqDUrFQWOHAkRtDTP9uO-A2-7GbMupU5nHGr_mEgwaXMZvOcYWM4RjPhS5BKf5VJAKUiyM1C5MwCyBS_2r89VYtEvWmdXdk0F4q0Eh2b7EHa-mqAbrkdVlNg1oL06K6lhe6cuisOMjMcy3I-dcHHTQr6HyDdY-hq6aAY6F6PalSI20gVimuWyo-D7811oqlfIZeUAoCDtA4WH8WdGtTs5hLZtekpZDiytLFf1ODxsPa2mX6lTNPLLLY4P-MnFoBy7MtLByKwwPxwsHD-DqS38l01-gbkdqao77dQ-mcBr8Oh3gCoLK2uPurE1PL-Z5hkk9jcznRRRISY4d7zebhfh5bCI4tQWeGifgIJF57ZnEHUtIan53-6Bz8oYNjdy9t2RwNV41irgSD2sP-QdZinoKyl3ko-MnlmZQpxiBdpqKomqzrXx4lpU%3D,2023-02-28
Marion di Emme Group S.p.A.,Consulente commerciale,Italia,,21 g,https://www.glassdoor.it/partner/jobListing.htm?pos=126&ao=1110586&s=58&guid=00000186982c29de987ec474fc01fc42&src=GD_JOB_AD&t=SR&vt=w&ea=1&cs=1_fda3dfbc&cb=1677590277008&jobListingId=1008456229248&cpc=608BEFD8E68346F1&jrtk=3-0-1gqc2oagbmbhu801-1gqc2oah0j47i800-b9983edb23c8e3a9--6NYlbfkN0Bf6SpvFAks0P7WlvdydL4-TMXhfTE1wcYF18NEx2q2VEO7egiPGX2wb1t_m19Vg2ETP8Y3ohhn14-wcZHJGqwQivtvkGOegax9_GBFkQgeRlRzxgT4Ab8BUYfTxkJu4IPCYxNj8E8j8YhQiJJltW3rUf6OSy04tWDqrnr0wom3_HuLJ2CDCJE4aMlfi89r_4I1qLZbaUtvBKzGVilFtdrTncUl4jTSPMNJqpPLgKZsiWOzWiVPvdgi_uPkl6fIY_WxVP5eJITL_poppuL8zbagxXG9ZG0elUojdgGZIi7O0uZLazKq5n37DHfJ_FTi5kt8lK8FC-AydPr3wH7aXZ4cHkv9tnsrp84Ce9hhipm-Dv17obIwyLygIK7m40yGBgr1E92QOt_3YMKfV3BPTauT3moLrd_smf0uTnK2xAZvPQ09rt34FGVfEntoyQDUOOWMj8QjELLPBmy7V4zkJyYy3Yv7-F6VzJO-0OkezH7Zfx1bmONpmaXay4Dy_StoJNhH5tX3I5kl_YCHmSemNAxiRS_ccKrJK6-Tinr9A_ZRnKUFKcf7Vn-_FNUlIGEo0IIBMsQXpIG7GtVbH7-cNvRtsEJLf1LWOqs%3D,2023-02-28
SoloAffitti,Property Manager,Italia,,20 g,https://www.glassdoor.it/partner/jobListing.htm?pos=127&ao=1110586&s=58&guid=00000186982c29de987ec474fc01fc42&src=GD_JOB_AD&t=SR&vt=w&ea=1&cs=1_118bf586&cb=1677590277008&jobListingId=1008456809186&cpc=A615028083C8ED4B&jrtk=3-0-1gqc2oagbmbhu801-1gqc2oah0j47i800-4a58ed61cf3ed24a--6NYlbfkN0BPfluhl8Ml-GAOmTazege-pah0h_HGo9svGrzme6-xd0HcMa3ymT3pLdAMOcA2zSqqXYebDlzlvYaQ7wADwFjayfLz2qx2eghG44Bi0DEJpsfLa2jhsvJQIwYFEvmq5nWMjyZaVCT9p3zIbayonFJZugbScpraNrE7FpMPj0VibMil7PFHM1dcWQB-tbdR3xq-9iORftTr6yUBoop2ywsVSrVwEwpTwq8OoWZw9d46UKA3gtQpDE5vlNMdu06H9Opa3V8eWywRLvLF-mmQ5Z1UWwwlu4n5EDgrR51AU2Cvu0vWBp9_GpMU_wtd_fP9AT18jKbkFqOf3JdPn2a8m6QAlLOKo1dOeDKbGxWhQMpYNlAVN7giJ_8J0hyggg99BZPV9_pmKKQr6uHQjIop7nsVWDSHoXVEV7hyg4t9SVjN0wSgvqK_6k63Vnq2C_dw2r6mTttD0E7c9kgR6aht8F2K79hAbIk15H4Ca1xrY9Q9iYjyGwAR9h7g5Q7XBsljItijpfGLMLANgAaUVEG_8qT7u9Of_gLsKX5AJdeV0DiWuGqUKb1Ypu02u-3T_lZ5i1u4j6O4IuMWLyk8yDMQ2DAXon_qDIVgsetozItUGpBUPTe6IAp7N5RY,2023-02-28
Ghiselli Luigi Pio SRL,Addetto Alle Vendite,Italia,,22 g,https://www.glassdoor.it/partner/jobListing.htm?pos=128&ao=1110586&s=58&guid=00000186982c29de987ec474fc01fc42&src=GD_JOB_AD&t=SR&vt=w&ea=1&cs=1_e2ed5b86&cb=1677590277008&jobListingId=1008453891087&cpc=B63DE67CBF13A213&jrtk=3-0-1gqc2oagbmbhu801-1gqc2oah0j47i800-0b71f1664e1d97b2--6NYlbfkN0BQCygMk_uOyqgC9kKiM317VEMCp5VbTsBM8_9xw9PnbYSLln-UQLKECRJavxomxx_hPZVRoyzzm5UK-buR8nXiPnMgsAa5QbwbvYjZwmYKm0c66imf9uI_csJvOaz1ugZPeE_YsZBp9eD5RDQ-LeeGd8mpF_qgrcAwBA0ISlPBSXFCfNW_w4Ik0b5vZY12HtfPkecDUoJLdCj51MXTW5LWGeJ1Gqy0-Pnq-sK067gIcNYdGisSbfSY_IGudtj4OjFfJKLCx9-LWRb-Us17FMxhN0VBHQGtBFxefxW3PsH2BfTrY5nxuVN36hocTym6F5HVO7d7vpprppJAPlwnG2Sy1Q4GyBM186Fs6_YOMcqjlgqMr76LtFsZVem4fbxB6FckYq-xyCkjtPTz2CyMMc1zkrzHW1kyqnX_sVv9rg-XIbLL-R64AV-M1AoHpTzzaEaYIXAK8zo2yUpAoGwLQhEYnzuI7F7gQlr-Vu4V37kBDmB5f-4anpXRpmxBg5wWZHAD3E7UlnTWgXQag18tC7be5pQGaaCLncN4ZbYsaYdgCHLvcd33Wgvofv7CypuOZceXmszlYqRPZbCXK60VPWJ3g-u9tSXad3L7rEDoo380iw%3D%3D,2023-02-28
adecco,,Italia,"<span class=""css-2lqh28 e1cjmv6j1"">3.7<i class=""css-0 e1cjmv6j0""></i></span>",Oltre 30 g,https://www.glassdoor.it/partner/jobListing.htm?pos=129&ao=1110586&s=58&guid=00000186982c29de987ec474fc01fc42&src=GD_JOB_AD&t=SR&vt=w&cs=1_fee69bab&cb=1677590277008&jobListingId=1008274796054&cpc=9C4F014304452074&jrtk=3-0-1gqc2oagbmbhu801-1gqc2oah0j47i800-0d5c5cfd6613d492--6NYlbfkN0AnZZki9slEX_z63wsqeqef2QbFTCLB32XeLZxhwflwiRdXftf8jmFK0Ai5t64DnztdR9SFHPPSKSWv-TifBUU1VijXwyg5CNP4PPUV8czVIPoyfBTPPUxEsZwvsLUtEoGbjd5N_egTTkiQw4HlABdJ_deUyWm9JhKpT-daKCQcY-Y6dyaiUNpjFg6wNHKz9gJpar2ylIsYRO9PG5Lv2YYDv-ljvVPQYQ9G_f0UQOlGntYpfeeLrpxeL1h0K-QCvBZ8_TR6PJfRZwlS99hGbyddVjNcHLW54Z1ke9Qd8liHORv-LmB6SgFcNo6fM1_hfn0x4Xo1rWmKnTMUu2-i3lMbSrF-SpB52AP6fae-KTOgSZELUuDjsgjYi_saFfZkdQG3GCytEd8Ptiv1mKWSWYTJOjQxepy1Xsx7obE_q5aeYgNZnwHVp7x41-2EI8iJEvd5PwxNM8npbLpGJGECP_NB7nWMYrS5htUG_fLR04dyrdXhoZJ6koE1bCIrmEomb0H3tuHmuuaXGlCRarw-fJD8I7BFhlSALltXkZ06pPTCAP_wmydv6hLnadQvIWpThLyVy8qliWD6dI-rmhYA4mECs62BzxSO6Sfedr0EORxgnLCp_aIJrG20FY_eYhY9XH5pYECeCvjcDU7wVn6tHwAcSWLq07linAcBhiK951hu39hRroNby9FA8RPqY5L7AlyhzU_a93gEwm-R0gd594Is8Rh17rHf7dMiIRzcbW-v1eLyFTsJfgmn1oLf05i3yKBprNqgcxhZdP8HjSBE7tJNUZuD2Mv_VhM3idtlupbAZzyQfXlvs1QrTL7ojDU6fK5-Op-rDz9ek7p1T3wFKXOKXyYa9j8mZekOI_x-WhjVfw%3D%3D,2023-02-28
OLIVIT EXPERIENCE SAS,Commercialista,Italia,,17 g,https://www.glassdoor.it/partner/jobListing.htm?pos=130&ao=1110586&s=58&guid=00000186982c29de987ec474fc01fc42&src=GD_JOB_AD&t=SR&vt=w&ea=1&cs=1_f2c7b789&cb=1677590277008&jobListingId=1008464389551&cpc=64DC0C913FDBAADD&jrtk=3-0-1gqc2oagbmbhu801-1gqc2oah0j47i800-b79b0c811fe44d14--6NYlbfkN0BDTqHI8zlWlAkkoxwuL5hzM9ssBd0DtoywxdTGY_B3hVxwAYK6_D5qIwTXwVZk615NvCrr2AhDA7yNhyuBAGL7Jg5uVQ_3rW7hAu8wdiBF9QFMGX2zFFdcYiK_aun6bU7NyUU6qa128gqpa9N4KONTZOuRJruxcL1JZlpQFKMoEfqkc2nfg2MB45aHC77OxH-tYwBi-phauX2MNlfrbkmepzEKA64FkKDEYGJdw5TnzN130RfLRsY78Xb-bKZB-vrKJXbMSW7gEZY_T-pbHXzqru_gucPcIcOJKEMBnayhmnuwwoyjDFyKgD9aFXlD5wLKsLCy6JQ8CaIc5KqyndX8xTcjzGyWesVOW3Fy8cCfLvQKhae7YQ9ryjo8yzgmzQEIBI2z7Xau9ddqJAaxLklFLm5v3g1kqEvxkaaFoqE4mQW3mWkqvKweICHvIYWFEfDxNEGfZcSbcf6FfTxgrfgbeACpxhZJpP3ttlEEaxFfSlhHEHjeT78AaM4ToesgkmmhMJi0OODwElCcAU-bnptVf7gsKd7LiIuugTa4FH-1IrP-3L43RKSYEj7wshXBDwzkJ-kTC4x4mQ%3D%3D,2023-02-28
